condition,model,n,mae,rmse,wmape,mase,r2,mae_ci_low,mae_ci_high,mase_macro_building,mase_buildings_evaluated,mase_buildings_undefined
corrupted,hist_gradient_boosting,78960,70.60362695956611,211.13698480760712,0.165890871611883,1.139816593536219,0.8813145479516274,59.99515273077278,83.43242473680765,1.9016494288968,12,0
reference,hist_gradient_boosting,78960,49.10246458089765,139.65469961721664,0.11537156090127844,0.7927043740243505,0.9480745859937137,41.88943243998897,57.859116237300526,1.3913684362927794,12,0
remediated,hist_gradient_boosting,78960,48.06005150181364,127.87373044505117,0.11292229842404186,0.7758757807066221,0.9564657038000929,41.82238460832616,55.18620248584645,1.3238929662422791,12,0
corrupted,ridge,78960,75.72089203222865,150.63597027983434,0.1779144403679073,1.2224291149394668,0.9395875795591155,67.97678457740005,85.50474700318406,5.3406889403747675,12,0
reference,ridge,78960,68.54042191717348,139.13224165471158,0.16104314781162332,1.1065084556337073,0.9484623724502604,62.31726232872002,76.27203596612873,5.294503273103572,12,0
remediated,ridge,78960,68.22054795474989,138.05987921622975,0.16029156927780683,1.1013444482602703,0.9492537638617562,62.1339164879269,75.99854791432347,5.247858908322105,12,0
corrupted,seasonal_naive,78960,64.47685696681864,210.79115928764801,0.15149536166386754,1.0409067442375044,0.881703024129131,52.21071600898514,78.59531357995863,1.1400216088052784,12,0
reference,seasonal_naive,78960,64.47685696681864,210.79115928764801,0.15149536166386754,1.0409067442375044,0.881703024129131,52.21071600898514,78.59531357995863,1.1400216088052784,12,0
remediated,seasonal_naive,78960,64.47685696681864,210.79115928764801,0.15149536166386754,1.0409067442375044,0.881703024129131,52.21071600898514,78.59531357995863,1.1400216088052784,12,0
