condition,model,n,mae,rmse,wmape,mase,r2,mae_ci_low,mae_ci_high,mase_macro_building,mase_buildings_evaluated,mase_buildings_undefined,training_rows,data_retained
corrupted,hist_gradient_boosting,79178,87.63758409736246,316.8519442618664,0.20606136239979078,1.4148107805963834,0.7326638957934333,85.66029027278398,89.5631486455691,2.3895037709369222,12,0,105396,0.9998861566484517
reference,hist_gradient_boosting,79178,47.0761251853234,133.65037765839335,0.11068961555824985,0.7599913907588534,0.9524352473364353,46.103280085893914,48.00748327855404,1.2408604225332682,12,0,105400,0.9999241044323012
remediated,hist_gradient_boosting,79178,44.77282025652292,127.08096532293644,0.10527387804632243,0.7228071087201409,0.9569962951547828,43.92549283676167,45.602395523407445,1.1443758036869227,12,0,101957,0.9672605494839102
corrupted,random_forest,79178,64.4338041508494,193.46639995099497,0.15150255001523844,1.0402117046743342,0.9003319496717778,63.096795663784384,65.63830363414485,2.21429453708672,12,0,105396,0.9998861566484517
reference,random_forest,79178,45.92965646359562,134.07429502303978,0.10799393528384253,0.7414829354674,0.9521330334157391,45.00712707729314,46.90970884601466,1.0698925076995647,12,0,105400,0.9999241044323012
remediated,random_forest,79178,44.99018540129716,130.81328576333212,0.1057849665060482,0.7263162258794048,0.9544331957692477,44.16456458774395,45.85916887688158,1.0436865116716332,12,0,101957,0.9672605494839102
corrupted,ridge,79178,73.84146670788184,147.8855558310753,0.17362269154431037,1.1920878950439295,0.9417633508805157,72.92963929842206,74.72806324100858,4.965153221130388,12,0,105396,0.9998861566484517
reference,ridge,79178,50.27877881005921,127.02822190894827,0.1182199825349857,0.8116946516538405,0.9570319840797968,49.47807024351608,51.10796392327687,2.8373736663529496,12,0,105400,0.9999241044323012
remediated,ridge,79178,49.804174542622235,127.09603855679535,0.11710405033584877,0.8040326965577154,0.956986093102249,49.01050218652153,50.630072416119795,2.660365936785919,12,0,101957,0.9672605494839102
corrupted,seasonal_naive,79178,64.44302125211547,210.76600862954908,0.15152422209193733,1.0403605044657867,0.8817105521688658,63.098690802179895,65.8824339785357,1.1395285358810163,12,0,105396,0.9998861566484517
reference,seasonal_naive,79178,64.44302125211547,210.76600862954908,0.15152422209193733,1.0403605044657867,0.8817105521688658,63.098690802179895,65.8824339785357,1.1395285358810163,12,0,105400,0.9999241044323012
remediated,seasonal_naive,79178,64.44302125211547,210.76600862954908,0.15152422209193733,1.0403605044657867,0.8817105521688658,63.098690802179895,65.8824339785357,1.1395285358810163,12,0,101957,0.9672605494839102
