fault_type,true_positive,false_negative,false_positive,true_negative,precision,recall,false_positive_rate
duplicate_key,1,0,1,210524,0.5,1.0,4.750029687685548e-06
long_zero_block,8,0,19019,191499,0.00042045514269196406,1.0,0.09034381858083394
metadata_mismatch,1,0,0,210525,1.0,1.0,0.0
missing_interval,1,0,0,210526,1.0,1.0,0.0
missing_value,1,0,54,210471,0.01818181818181818,1.0,0.0002565016031350196
negative_value,1,0,0,210525,1.0,1.0,0.0
positive_spike,1,0,3691,206834,0.00027085590465872155,1.0,0.01753235957724736
stuck_segment,1,7,12701,197817,7.872775940796725e-05,0.125,0.06033213311925821
timestamp_shift,1,0,0,210526,1.0,1.0,0.0
unit_scale_segment,8,0,3684,206834,0.0021668472372697724,1.0,0.017499691237803892
