condition,model,group_dimension,group_value,n,mae,rmse,wmape,mase,r2,mae_ci_low,mae_ci_high
corrupted,hist_gradient_boosting,building_id,Eagle_education_Alberto,6600,180.20639177071538,551.1470306410582,0.41559180705432985,2.909230650702713,-16.642288054647672,167.82297021813744,192.5639345715724
corrupted,hist_gradient_boosting,building_id,Eagle_education_April,6600,26.071957191570522,94.97724905212232,0.7727785609678564,0.42090258974849504,-16.694553970261985,23.96674792270134,28.424224902442816
corrupted,hist_gradient_boosting,building_id,Eagle_office_Amanda,6600,172.11411366085056,339.2267832673406,0.7869447271109824,2.7785898710949435,-9.034159473868092,165.20888777181182,179.17903162202344
corrupted,hist_gradient_boosting,building_id,Eagle_office_Bridgett,6600,74.28371359916272,179.59183368774546,0.38690965695835766,1.1992274764907926,-18.128353362048824,70.17785009528008,78.40056195567182
corrupted,hist_gradient_boosting,building_id,Panther_education_Annetta,6595,25.839987577128962,36.08962699595861,0.24573432072729023,0.4171576997602213,-1.0299297263741756,25.232413478859794,26.42188930054145
corrupted,hist_gradient_boosting,building_id,Panther_education_Aurora,6595,38.950281858620684,45.12941911693654,0.3103200046669951,0.628808738264874,0.18043098292499626,38.36674524388237,39.51710665009449
corrupted,hist_gradient_boosting,building_id,Panther_office_Clementine,6595,10.000757471364363,14.744451326115582,0.22720307075023966,0.16145104443884323,-1.3330089450983849,9.746482933075816,10.251144672559924
corrupted,hist_gradient_boosting,building_id,Panther_office_Danica,6595,15.127792595619956,16.168656102228482,2.8259653392882447,0.2442212923981482,-45.29303568816587,14.990184693226025,15.253858495407057
corrupted,hist_gradient_boosting,building_id,Rat_education_Kathryn,6600,297.28949756802444,714.7493838870972,0.5969197326606848,4.7994064470106945,-9.465508200011834,282.6402901781485,314.5354741118963
corrupted,hist_gradient_boosting,building_id,Rat_education_Lee,6600,186.05530248771595,515.514895253102,0.4236107712783618,3.0036547727547855,-18.93504893069475,174.96849947348892,197.8858859391382
corrupted,hist_gradient_boosting,building_id,Rat_office_Avis,6599,687.242801777527,3065.6231569141496,0.885236098722195,11.094766416220406,-174.4769058140739,618.6698474112425,764.5253198813763
corrupted,hist_gradient_boosting,building_id,Rat_office_Colby,6599,1664.6548801240588,4376.579926225438,0.7460990589259514,26.87399127474099,-93.83984013042215,1564.3407317131976,1758.1664740460135
reference,hist_gradient_boosting,building_id,Eagle_education_Alberto,6600,50.67202316893522,85.74583091818182,0.11685977100452023,0.818043142019896,0.5729821876429461,48.99544162479964,52.30216865002982
reference,hist_gradient_boosting,building_id,Eagle_education_April,6600,5.754123368195212,10.362706918361557,0.1705534856256625,0.09289388631662622,0.7893570744567471,5.565524127630104,5.934195741232602
reference,hist_gradient_boosting,building_id,Eagle_office_Amanda,6600,36.078566708770666,72.32809927734311,0.16495938205936317,0.5824481089223766,0.5438424836203228,34.54991030424015,37.601573390245015
reference,hist_gradient_boosting,building_id,Eagle_office_Bridgett,6600,17.26090267129093,28.82860210380959,0.0899040934783859,0.27865796888052613,0.507108209739648,16.670160203537062,17.83053024442478
reference,hist_gradient_boosting,building_id,Panther_education_Annetta,6595,11.095352619239836,15.953026950296728,0.1055151025510516,0.1791220588963187,0.6033546070419232,10.834296625238483,11.377583104886172
reference,hist_gradient_boosting,building_id,Panther_education_Aurora,6595,31.629050721267824,40.1249348101768,0.2519911717985198,0.5106156496825008,0.3521197746395296,31.032949021278814,32.19091751230934
reference,hist_gradient_boosting,building_id,Panther_office_Clementine,6595,7.4028211895620615,8.641500391658418,0.16818163137136669,0.11951026872424889,0.19862188203009823,7.291903971152835,7.50460803759024
reference,hist_gradient_boosting,building_id,Panther_office_Danica,6595,1.8248063602835862,2.7033909852607505,0.3408851286450902,0.029459457807073056,-0.29415273774609596,1.7796029427214626,1.8745050413527353
reference,hist_gradient_boosting,building_id,Rat_education_Kathryn,6600,59.935134909026324,99.7953196798332,0.12034217488188212,0.9675857211168961,0.7959798369152766,57.9343722538604,61.74884513601103
reference,hist_gradient_boosting,building_id,Rat_education_Lee,6600,44.00756366232438,66.00732451551862,0.10019643480093592,0.7104528968766044,0.6731720958155759,42.69119973888345,45.199623440474596
reference,hist_gradient_boosting,building_id,Rat_office_Avis,6599,99.15822335095368,175.68026463588393,0.12772551210196273,1.6007986165599408,0.42372684905259417,95.7067870196417,102.3700826474679
reference,hist_gradient_boosting,building_id,Rat_office_Colby,6599,200.02270111900745,392.0085170507744,0.08965026375773241,3.229142802393808,0.23912714418451708,191.57443913518563,208.22242061078265
remediated,hist_gradient_boosting,building_id,Eagle_education_Alberto,6600,30.536444622667705,63.17237090581999,0.07042311916380793,0.4929767462010055,0.7682208755205284,29.33001356950965,31.940951971369522
remediated,hist_gradient_boosting,building_id,Eagle_education_April,6600,7.006601906443561,11.57045128936665,0.20767722571616926,0.11311375153348008,0.7373961773857305,6.784040475111809,7.224745575951245
remediated,hist_gradient_boosting,building_id,Eagle_office_Amanda,6600,37.70073000841449,77.25846284696114,0.17237628023241536,0.6086361211532267,0.4795334094105874,36.158131964646074,39.25960179645665
remediated,hist_gradient_boosting,building_id,Eagle_office_Bridgett,6600,17.718560792144725,29.330162561125793,0.092287823881247,0.2860463473927873,0.48980833815578895,17.14531651828605,18.344829124270927
remediated,hist_gradient_boosting,building_id,Panther_education_Annetta,6595,10.34721825569865,15.134427849062117,0.09840045943875166,0.16704426631708966,0.6430164277416714,10.088771036347618,10.624360841737252
remediated,hist_gradient_boosting,building_id,Panther_education_Aurora,6595,31.00100862074341,38.83202561435006,0.2469875102519046,0.5004766123774197,0.39319921235289135,30.455704916948022,31.548165015764205
remediated,hist_gradient_boosting,building_id,Panther_office_Clementine,6595,10.355285860644502,13.13691211432789,0.23525745452499136,0.1671745087760591,-0.8520203768655814,10.150276818277325,10.53767772091312
remediated,hist_gradient_boosting,building_id,Panther_office_Danica,6595,1.7816331916599135,2.4462491737736314,0.33282011338615075,0.02876247528490063,-0.05966648039749667,1.7388609576572256,1.8179240234379517
remediated,hist_gradient_boosting,building_id,Rat_education_Kathryn,6600,58.853347036335215,100.39419259330802,0.11817008157537508,0.9501214657935014,0.7935238348073329,56.759462039209836,60.71866909533651
remediated,hist_gradient_boosting,building_id,Rat_education_Lee,6600,43.24373425538341,64.8467954055535,0.0984573477667423,0.6981217253751623,0.6845635274686814,41.99560522481632,44.483639460615116
remediated,hist_gradient_boosting,building_id,Rat_office_Avis,6599,98.95455402979309,175.96237553630542,0.12746316605071667,1.597510603155388,0.4218745810214042,95.12905570971364,102.29503812256968
remediated,hist_gradient_boosting,building_id,Rat_office_Colby,6599,194.47714254974866,368.85782999440335,0.08716474193627571,3.1396159614952794,0.32634257797277777,186.93536219476164,201.51416586266996
corrupted,random_forest,building_id,Eagle_education_Alberto,6600,237.56051979553078,762.6471765901867,0.5478618418385893,3.8351489022951384,-32.780595280459856,219.96200426669807,255.04391095082283
corrupted,random_forest,building_id,Eagle_education_April,6600,26.713315792043666,65.94850937737783,0.7917885713286527,0.43125660705195606,-7.531205716318963,25.336280709858627,28.25225070310294
corrupted,random_forest,building_id,Eagle_office_Amanda,6600,281.84173398658396,558.6027076268961,1.2886442704960348,4.550019580904878,-26.208638065046706,269.8134673421214,293.36972781778724
corrupted,random_forest,building_id,Eagle_office_Bridgett,6600,146.21250665612465,506.0935029088359,0.7615536172383877,2.360437394591887,-150.90285640011706,135.0454545817663,159.1994139398473
corrupted,random_forest,building_id,Panther_education_Annetta,6595,70.78329512784511,177.5937209026377,0.6731382859671227,1.1427171351706018,-48.155422093999086,66.82964289107244,74.76203522517774
corrupted,random_forest,building_id,Panther_education_Aurora,6595,63.21505669965891,154.49146008754738,0.5036394026946122,1.020536390132881,-8.604505294626657,59.70973445362443,66.58630887700664
corrupted,random_forest,building_id,Panther_office_Clementine,6595,36.15422312280074,82.15805903020947,0.8213728347687843,0.583669497112084,-71.43684276148142,34.2296162782212,38.08909868686532
corrupted,random_forest,building_id,Panther_office_Danica,6595,2.148433895915453,4.647709207515375,0.4013407564410269,0.034684062421927855,-2.8251256746594096,2.0530952967165645,2.2650528281190687
corrupted,random_forest,building_id,Rat_education_Kathryn,6600,242.675619853008,498.93012808224506,0.48726196959843077,3.9177264719495914,-4.099554088663312,232.8611807185267,253.05086134497168
corrupted,random_forest,building_id,Rat_education_Lee,6600,123.37439362462761,329.2030164432801,0.2808988582455439,1.9917416020476328,-7.129474653035288,116.53630834733288,131.21367972891682
corrupted,random_forest,building_id,Rat_office_Avis,6599,615.7657957249163,2165.92355698296,0.7931667080749594,9.940850094021949,-86.59285491609346,567.2801418360074,668.4042521603742
corrupted,random_forest,building_id,Rat_office_Colby,6599,675.1498465675058,1887.5449530399567,0.30260246203133473,10.899539179223556,-16.640695025955942,635.9376134416669,716.9652347227974
reference,random_forest,building_id,Eagle_education_Alberto,6600,31.82112404785002,65.25960040619833,0.07338584561624334,0.5137164587236491,0.7526517823427062,30.439616001651093,33.24141162342927
reference,random_forest,building_id,Eagle_education_April,6600,14.198985293877323,19.276509185031966,0.42086105550042524,0.22922673729788198,0.27111799860717123,13.884401601291888,14.507781728875521
reference,random_forest,building_id,Eagle_office_Amanda,6600,37.422852511323846,74.0604292856355,0.17110576135126668,0.604150099743369,0.5217299551709156,35.948050075265016,38.992617697084064
reference,random_forest,building_id,Eagle_office_Bridgett,6600,16.450811648060235,29.263255357672524,0.08568470238016321,0.26557995532349066,0.49213335512383993,15.8497004807178,17.040832707502837
reference,random_forest,building_id,Panther_education_Annetta,6595,8.696742987455279,13.63955393365347,0.08270469264674454,0.140399189017558,0.7100543807431008,8.454850219026326,8.955817513803579
reference,random_forest,building_id,Panther_education_Aurora,6595,23.18373618231939,29.802477122732878,0.18470667674265978,0.374275491766267,0.6425866488820018,22.767157888158316,23.60175569724033
reference,random_forest,building_id,Panther_office_Clementine,6595,5.773032995847392,7.523341595315627,0.1311551477930241,0.09319916110637448,0.3925916829459515,5.651694499567676,5.882751597868261
reference,random_forest,building_id,Panther_office_Danica,6595,1.4558165189591354,2.7700208338155208,0.27195554122899346,0.02350252950041868,-0.35873225060517977,1.3995388730765308,1.5154857622279105
reference,random_forest,building_id,Rat_education_Kathryn,6600,65.06083945943884,105.66586847148561,0.13063394171172044,1.0503344884496302,0.7712704915189084,62.97233946428478,67.04381252586072
reference,random_forest,building_id,Rat_education_Lee,6600,46.2864118194971,67.57660070556686,0.10538491700261861,0.747242351690058,0.6574471754248806,45.0873621478576,47.516311587232714
reference,random_forest,building_id,Rat_office_Avis,6599,97.25831794264387,175.34283515198013,0.1252782476893806,1.5701267686139295,0.42593842142864224,93.65259391024112,100.56289891540911
reference,random_forest,building_id,Rat_office_Colby,6599,203.46930037095655,396.3498912473884,0.09119503107802071,3.2847842926091886,0.22218095659108428,195.11215108740873,211.71858314800392
remediated,random_forest,building_id,Eagle_education_Alberto,6600,25.68103504771882,62.267368226408514,0.059225578280744644,0.41459158894682085,0.7748142079350994,24.327126336163193,27.037936292592796
remediated,random_forest,building_id,Eagle_education_April,6600,9.890534341077407,16.428507973236695,0.2931576190901437,0.15967161527489213,0.47058445064985777,9.536626870885254,10.20005364415822
remediated,random_forest,building_id,Eagle_office_Amanda,6600,35.86393593109643,74.16907395206843,0.1639780415105033,0.5789831350618018,0.5203257072332876,34.37558936841189,37.418780982750704
remediated,random_forest,building_id,Eagle_office_Bridgett,6600,16.3657144403873,28.752258867170582,0.08524147021212011,0.26420615607908704,0.509715282422728,15.75187663566471,16.9901595052641
remediated,random_forest,building_id,Panther_education_Annetta,6595,8.634623782521478,13.489510798987588,0.08211394853036433,0.1393963439285745,0.7163984390692474,8.398233010641292,8.895640689975384
remediated,random_forest,building_id,Panther_education_Aurora,6595,22.579431608417643,29.84438940421767,0.17989213396543025,0.3645196702802474,0.6415806558314285,22.079966841582273,23.00964382565704
remediated,random_forest,building_id,Panther_office_Clementine,6595,5.224232511075784,6.608881890486533,0.11868717666920096,0.0843393910630928,0.5312782000600005,5.126587643803152,5.314882962437605
remediated,random_forest,building_id,Panther_office_Danica,6595,1.3802347454431514,2.0505631343902517,0.25783639787823465,0.022282346298332593,0.25541530782754107,1.340746768382918,1.4185003481275218
remediated,random_forest,building_id,Rat_education_Kathryn,6600,65.83544902727913,107.40192766297099,0.13218925981052354,1.0628396935921636,0.7636928320401973,63.71955480554805,67.93812003380447
remediated,random_forest,building_id,Rat_education_Lee,6600,44.6270748183176,65.34114749102318,0.1016069379959371,0.7204542116233138,0.6797358082355591,43.386235519445684,45.81961685800991
remediated,random_forest,building_id,Rat_office_Avis,6599,97.20507974951776,181.42025443108693,0.12520967167772346,1.5692672975279784,0.3854545956274342,93.64696564581782,100.89612716171614
remediated,random_forest,building_id,Rat_office_Colby,6599,195.38043611482402,377.2884164754337,0.08756959851458722,3.154198625851843,0.2951965383747144,187.62229584073873,202.85702560440063
corrupted,ridge,building_id,Eagle_education_Alberto,6600,209.6061200614156,247.37509565264537,0.48339343210869684,3.3838563830377852,-2.5541185928603936,206.34996330760598,212.67378519305365
corrupted,ridge,building_id,Eagle_education_April,6600,101.1733069332297,125.96214606626663,2.9987991298750214,1.63332988730834,-30.122935272566092,99.21589375335545,103.03129169014865
corrupted,ridge,building_id,Eagle_office_Amanda,6600,134.72676658979825,171.72470217190678,0.6160013046778389,2.1750129669751574,-1.5713800751763753,131.99131977612646,137.52402636071577
corrupted,ridge,building_id,Eagle_office_Bridgett,6600,106.73989115014277,136.10983163767133,0.5559589399571923,1.7231961637729751,-9.987108418132765,104.47670457092312,108.74985035809206
corrupted,ridge,building_id,Panther_education_Annetta,6595,87.92889886376288,111.52676815660072,0.8361903491668052,1.4195137316908857,-18.38538591713312,86.29862949663107,89.45495861209312
corrupted,ridge,building_id,Panther_education_Aurora,6595,85.23730539913915,107.14943511890671,0.6790924159489414,1.3760609655066678,-3.6200408608085883,83.69589977949222,86.72474070304334
corrupted,ridge,building_id,Panther_office_Clementine,6595,87.23680113304262,110.28770796798618,1.981896786979201,1.4083405878766808,-129.53091851691332,85.6243522398148,88.80143089962388
corrupted,ridge,building_id,Panther_office_Danica,6595,88.11486246582766,111.0657164702443,16.4604019807012,1.4225159060628707,-2183.378322222664,86.50986299631256,89.72779735356322
corrupted,ridge,building_id,Rat_education_Kathryn,6600,220.56723190410767,271.99868787863875,0.44287112117635824,3.560811274732822,-0.5156061573490471,216.25611203630407,224.35922004978724
corrupted,ridge,building_id,Rat_education_Lee,6600,116.95223355677597,147.2312650393826,0.266276882181221,1.8880630103532554,-0.6260539724117908,114.8040474931135,119.21786014575068
corrupted,ridge,building_id,Rat_office_Avis,6599,559.9953430897601,597.006986321399,0.7213288979341722,9.040498510398894,-5.654895782989826,555.0276681200811,565.0426451791601
corrupted,ridge,building_id,Rat_office_Colby,6599,314.42333085977,468.53684941378924,0.14092467697650007,5.076013022873987,-0.08694755723521363,305.5571666211132,322.97572790807084
reference,ridge,building_id,Eagle_education_Alberto,6600,35.24399459798027,67.23378992569809,0.08127966638066776,0.5689748755865565,0.7374601997151231,33.89790844131207,36.60422471379868
reference,ridge,building_id,Eagle_education_April,6600,17.66018255920912,21.860950396231154,0.5234517057640644,0.2851038961127782,0.06257069780721947,17.34976744071168,17.959659414393744
reference,ridge,building_id,Eagle_office_Amanda,6600,44.97223683177866,79.17765169850102,0.20562325708449186,0.7260264662983689,0.4533542641091334,43.48277865296996,46.57848019573535
reference,ridge,building_id,Eagle_office_Bridgett,6600,22.03893424263694,32.22662708603017,0.1147906596802475,0.3557939448067916,0.3840660771496631,21.47289542466113,22.621963670262215
reference,ridge,building_id,Panther_education_Annetta,6595,15.720019224461366,21.169252859594113,0.14949497303017525,0.25378212896925006,0.3015629369199829,15.39281522110126,16.051224856604318
reference,ridge,building_id,Panther_education_Aurora,6595,23.444340021958027,31.96062042970804,0.18678292833504714,0.3784826492955747,0.5889483009172186,22.96792651914415,23.917720616700535
reference,ridge,building_id,Panther_office_Clementine,6595,15.047324650466912,20.130363956964676,0.34185394225898036,0.2429222274197197,-3.3487298126048453,14.750637409344677,15.377120437694156
reference,ridge,building_id,Panther_office_Danica,6595,15.800891395862184,21.006367712503835,2.9517043634966926,0.25508771972835864,-77.13934020669477,15.472029510578972,16.15132541343092
reference,ridge,building_id,Rat_education_Kathryn,6600,66.26140687520412,102.22583558129162,0.13304452932656127,1.0697163066518571,0.7859209932118798,64.13955727446286,68.09776545524801
reference,ridge,building_id,Rat_education_Lee,6600,46.02238558544239,68.16783331539287,0.10478378198980157,0.7429799434305394,0.6514269149729226,44.79414126442069,47.27726653837931
reference,ridge,building_id,Rat_office_Avis,6599,104.61641944474886,176.05561222626903,0.13475620373472297,1.688915087999081,0.4212617593216704,101.2577564180583,107.61981942640219
reference,ridge,building_id,Rat_office_Colby,6599,196.44827005340724,364.54384924820795,0.08804820216161272,3.17143761051527,0.34200796711292947,189.27787046764166,203.58038308353773
remediated,ridge,building_id,Eagle_education_Alberto,6600,34.25510304535648,69.1945718756573,0.07899908563490496,0.5530103274545759,0.7219236732394005,32.913095196836544,35.601825826826264
remediated,ridge,building_id,Eagle_education_April,6600,17.304280725407693,21.879393668889797,0.5129026969209612,0.27935825904983874,0.06098828194145156,16.964457640524856,17.613924443321373
remediated,ridge,building_id,Eagle_office_Amanda,6600,45.65294007989026,80.17142407071348,0.20873558657586808,0.7370156589345479,0.43954605998935214,44.118191882237774,47.25425703390658
remediated,ridge,building_id,Eagle_office_Bridgett,6600,21.8076614437255,32.33630351431576,0.11358606617037709,0.352060304125927,0.37986654461013336,21.23355372100975,22.393246443642536
remediated,ridge,building_id,Panther_education_Annetta,6595,14.445582078521985,18.87011260438661,0.13737527113665615,0.23320776658992717,0.4450355037765402,14.18413787819285,14.726544780589075
remediated,ridge,building_id,Panther_education_Aurora,6595,22.717908774707084,31.280211648073205,0.18099539260281802,0.3667552292558928,0.6062637408656846,22.239075746631485,23.21588908177466
remediated,ridge,building_id,Panther_office_Clementine,6595,14.326081542900512,18.12729202082851,0.32546831854340236,0.23127856409278313,-2.5263469045531166,14.076938012269787,14.5977738119138
remediated,ridge,building_id,Panther_office_Danica,6595,14.927693657345435,18.382202523387683,2.788585618458657,0.24099091883214294,-58.83604857092194,14.659635559968466,15.178075174267953
remediated,ridge,building_id,Rat_education_Kathryn,6600,66.77274342227956,102.81898616987675,0.13407122847832015,1.0779712633210363,0.7834294609522675,64.59555535579355,68.69395157281753
remediated,ridge,building_id,Rat_education_Lee,6600,46.11515582267317,68.77132324875764,0.10499500129513471,0.7444776151555696,0.6452277592180378,44.876551448866614,47.37619123810462
remediated,ridge,building_id,Rat_office_Avis,6599,104.7328954983752,175.44363478019727,0.13490623630987697,1.6907954636170215,0.4252782082391635,101.35234502959418,107.76934992630298
remediated,ridge,building_id,Rat_office_Colby,6599,195.75189135437546,363.96709035961845,0.08773608491844878,3.160195355255549,0.34408838921521734,188.31420149554734,202.9233621366831
corrupted,seasonal_naive,building_id,Eagle_education_Alberto,6600,32.66654677272727,97.14893230959413,0.07533555868970396,0.5273648630884782,0.4518542783090571,30.7542236530303,34.79487050189393
corrupted,seasonal_naive,building_id,Eagle_education_April,6600,10.77381715151515,22.33216555184655,0.3193383163873306,0.1739312283780379,0.021722366414767547,10.228367056439394,11.26942808030303
corrupted,seasonal_naive,building_id,Eagle_office_Amanda,6600,52.777004272727275,105.54457687816453,0.24130842231204894,0.8520257077109818,0.028657084393061028,50.40599652159091,55.21777545303029
corrupted,seasonal_naive,building_id,Eagle_office_Bridgett,6600,23.30217790909091,38.47609733854605,0.12137031422309782,0.3761876009787098,0.12201631451213335,22.561352787121212,23.97720707689394
corrupted,seasonal_naive,building_id,Panther_education_Annetta,6595,11.24400407884761,18.85324296909842,0.10692875514445178,0.1815218704585682,0.4460273223279708,10.923132581501138,11.568793441622441
corrupted,seasonal_naive,building_id,Panther_education_Aurora,6595,14.378362426080363,24.263902977394725,0.1145535611619066,0.23212258048031587,0.7630878323507894,13.929500225549658,14.838659844200151
corrupted,seasonal_naive,building_id,Panther_office_Clementine,6595,4.944023775587566,7.236198214997247,0.11232123035600843,0.07981573441658395,0.4380727659000152,4.810311350644428,5.079172618650493
corrupted,seasonal_naive,building_id,Panther_office_Danica,6595,1.438906520090978,2.1826773194159848,0.26879664872126213,0.023229536480985802,0.15637996697235812,1.4006412846853675,1.4767710894617134
corrupted,seasonal_naive,building_id,Rat_education_Kathryn,6600,84.05802575757575,162.43648766056228,0.16877789048607764,1.3570228146104937,0.4594698498012917,80.5089546969697,87.39069772727272
corrupted,seasonal_naive,building_id,Rat_education_Lee,6600,59.36513636363637,86.54392831336632,0.13516256116218708,0.9583837320930312,0.4381659215020387,57.70731049242424,60.84341299242424
corrupted,seasonal_naive,building_id,Rat_office_Avis,6599,171.24200333383845,309.7557731188421,0.22057648705310495,2.7645106252412996,-0.791518307889771,164.62976890437943,177.36678689953024
corrupted,seasonal_naive,building_id,Rat_office_Colby,6599,307.00814517351114,616.1252660271455,0.13760118744822822,4.956303143179133,-0.8795726739744729,294.47663884679497,318.98312816335806
reference,seasonal_naive,building_id,Eagle_education_Alberto,6600,32.66654677272727,97.14893230959413,0.07533555868970396,0.5273648630884782,0.4518542783090571,30.7542236530303,34.79487050189393
reference,seasonal_naive,building_id,Eagle_education_April,6600,10.77381715151515,22.33216555184655,0.3193383163873306,0.1739312283780379,0.021722366414767547,10.228367056439394,11.26942808030303
reference,seasonal_naive,building_id,Eagle_office_Amanda,6600,52.777004272727275,105.54457687816453,0.24130842231204894,0.8520257077109818,0.028657084393061028,50.40599652159091,55.21777545303029
reference,seasonal_naive,building_id,Eagle_office_Bridgett,6600,23.30217790909091,38.47609733854605,0.12137031422309782,0.3761876009787098,0.12201631451213335,22.561352787121212,23.97720707689394
reference,seasonal_naive,building_id,Panther_education_Annetta,6595,11.24400407884761,18.85324296909842,0.10692875514445178,0.1815218704585682,0.4460273223279708,10.923132581501138,11.568793441622441
reference,seasonal_naive,building_id,Panther_education_Aurora,6595,14.378362426080363,24.263902977394725,0.1145535611619066,0.23212258048031587,0.7630878323507894,13.929500225549658,14.838659844200151
reference,seasonal_naive,building_id,Panther_office_Clementine,6595,4.944023775587566,7.236198214997247,0.11232123035600843,0.07981573441658395,0.4380727659000152,4.810311350644428,5.079172618650493
reference,seasonal_naive,building_id,Panther_office_Danica,6595,1.438906520090978,2.1826773194159848,0.26879664872126213,0.023229536480985802,0.15637996697235812,1.4006412846853675,1.4767710894617134
reference,seasonal_naive,building_id,Rat_education_Kathryn,6600,84.05802575757575,162.43648766056228,0.16877789048607764,1.3570228146104937,0.4594698498012917,80.5089546969697,87.39069772727272
reference,seasonal_naive,building_id,Rat_education_Lee,6600,59.36513636363637,86.54392831336632,0.13516256116218708,0.9583837320930312,0.4381659215020387,57.70731049242424,60.84341299242424
reference,seasonal_naive,building_id,Rat_office_Avis,6599,171.24200333383845,309.7557731188421,0.22057648705310495,2.7645106252412996,-0.791518307889771,164.62976890437943,177.36678689953024
reference,seasonal_naive,building_id,Rat_office_Colby,6599,307.00814517351114,616.1252660271455,0.13760118744822822,4.956303143179133,-0.8795726739744729,294.47663884679497,318.98312816335806
remediated,seasonal_naive,building_id,Eagle_education_Alberto,6600,32.66654677272727,97.14893230959413,0.07533555868970396,0.5273648630884782,0.4518542783090571,30.7542236530303,34.79487050189393
remediated,seasonal_naive,building_id,Eagle_education_April,6600,10.77381715151515,22.33216555184655,0.3193383163873306,0.1739312283780379,0.021722366414767547,10.228367056439394,11.26942808030303
remediated,seasonal_naive,building_id,Eagle_office_Amanda,6600,52.777004272727275,105.54457687816453,0.24130842231204894,0.8520257077109818,0.028657084393061028,50.40599652159091,55.21777545303029
remediated,seasonal_naive,building_id,Eagle_office_Bridgett,6600,23.30217790909091,38.47609733854605,0.12137031422309782,0.3761876009787098,0.12201631451213335,22.561352787121212,23.97720707689394
remediated,seasonal_naive,building_id,Panther_education_Annetta,6595,11.24400407884761,18.85324296909842,0.10692875514445178,0.1815218704585682,0.4460273223279708,10.923132581501138,11.568793441622441
remediated,seasonal_naive,building_id,Panther_education_Aurora,6595,14.378362426080363,24.263902977394725,0.1145535611619066,0.23212258048031587,0.7630878323507894,13.929500225549658,14.838659844200151
remediated,seasonal_naive,building_id,Panther_office_Clementine,6595,4.944023775587566,7.236198214997247,0.11232123035600843,0.07981573441658395,0.4380727659000152,4.810311350644428,5.079172618650493
remediated,seasonal_naive,building_id,Panther_office_Danica,6595,1.438906520090978,2.1826773194159848,0.26879664872126213,0.023229536480985802,0.15637996697235812,1.4006412846853675,1.4767710894617134
remediated,seasonal_naive,building_id,Rat_education_Kathryn,6600,84.05802575757575,162.43648766056228,0.16877789048607764,1.3570228146104937,0.4594698498012917,80.5089546969697,87.39069772727272
remediated,seasonal_naive,building_id,Rat_education_Lee,6600,59.36513636363637,86.54392831336632,0.13516256116218708,0.9583837320930312,0.4381659215020387,57.70731049242424,60.84341299242424
remediated,seasonal_naive,building_id,Rat_office_Avis,6599,171.24200333383845,309.7557731188421,0.22057648705310495,2.7645106252412996,-0.791518307889771,164.62976890437943,177.36678689953024
remediated,seasonal_naive,building_id,Rat_office_Colby,6599,307.00814517351114,616.1252660271455,0.13760118744822822,4.956303143179133,-0.8795726739744729,294.47663884679497,318.98312816335806
corrupted,hist_gradient_boosting,primary_use,Education,39590,125.75914651295133,426.8135086559994,0.46135670614090785,2.0302407703007237,-2.7143514946563094,121.6025635471519,129.6589165960179
corrupted,hist_gradient_boosting,primary_use,Office,39588,437.30729641498453,2187.2614513858393,0.7565619152069567,7.0598372122400725,-6.299489072831143,414.9701150981192,459.49384730011013
reference,hist_gradient_boosting,primary_use,Education,39590,33.85202873823247,62.7758895027692,0.12418866466503792,0.5465031435679581,0.9196487871001237,33.32848629821567,34.332439302137765
reference,hist_gradient_boosting,primary_use,Office,39588,60.300889718523585,178.28274711368226,0.10432333736054822,0.9734904234527889,0.9515035778280956,58.67377715342927,61.812194932160985
remediated,hist_gradient_boosting,primary_use,Education,39590,30.167123007517368,57.950372516247505,0.11067031615917085,0.48701446177699104,0.9315270323868043,29.662390491982563,30.630056823598412
remediated,hist_gradient_boosting,primary_use,Office,39588,60.17394326972907,170.32021307607357,0.10410371411342645,0.9714410150150419,0.955738773082651,58.67906140790122,61.688233469920604
corrupted,random_forest,primary_use,Education,39590,127.40228679294708,408.02435277044606,0.46738468747130135,2.0567674324185137,-2.394523781354646,123.59685133841674,131.3131613895572
corrupted,random_forest,primary_use,Office,39588,292.93008827846836,1213.150863735418,0.5067826455824647,4.729028659633035,-1.245539445697574,281.4082252975326,303.7790671051234
reference,random_forest,primary_use,Education,39590,31.545247290251112,59.77889491029557,0.11572606675357683,0.5092627370152405,0.9271377713317335,30.99771604452173,32.0485603932414
reference,random_forest,primary_use,Office,39588,60.314792342465715,179.94178088925955,0.10434738954509279,0.9737148657675161,0.9505967984983357,58.68204088199319,61.89865216189107
remediated,random_forest,primary_use,Education,39590,29.54487776333006,59.201510166880794,0.1083875635783036,0.4769690082342167,0.9285384787661936,29.015080960817286,30.065999191547544
remediated,random_forest,primary_use,Office,39588,58.57946784877555,174.0038040080582,0.10134519764659332,0.9456999926192763,0.953803555610255,56.942282403907235,60.120380938323585
corrupted,ridge,primary_use,Education,39590,136.9235616903342,181.04879512108997,0.5023141868096913,2.2104777669580806,0.33165921511024565,135.79787639990786,138.10041035959335
corrupted,ridge,primary_use,Office,39588,215.22716459308654,328.77273265211943,0.37235298195113514,3.4746018603752846,0.8350764601932246,212.70172618124738,217.48016484703982
reference,ridge,primary_use,Education,39590,34.06237809315112,59.957221648815334,0.12496034679087152,0.5498989986465255,0.9267024115350749,33.57459311618902,34.508284177050406
reference,ridge,primary_use,Office,39588,66.49599878536465,169.34610561178272,0.1150411635183755,1.0735035306717147,0.9562436092029096,64.98014991964553,67.91545461452641
remediated,ridge,primary_use,Education,39590,33.60558954485419,60.424731810561894,0.1232845843044948,0.5425246584106572,0.9255548945354961,33.10801935812744,34.06538897850614
remediated,ridge,primary_use,Office,39588,66.20864216284701,169.0260407140411,0.11454402322718532,1.0688644793833766,0.9564088524489593,64.6943847787662,67.5779823031827
corrupted,seasonal_naive,primary_use,Education,39590,35.420024728466785,86.37792537654023,0.12994097362510354,0.5718166851695936,0.8478709250696594,34.67638268881031,36.15098798282395
corrupted,seasonal_naive,primary_use,Office,39588,93.46748402798829,285.2811632166201,0.16170308454832225,1.5089279947642689,0.8758241166388985,90.85521995055319,96.14889970672931
reference,seasonal_naive,primary_use,Education,39590,35.420024728466785,86.37792537654023,0.12994097362510354,0.5718166851695936,0.8478709250696594,34.67638268881031,36.15098798282395
reference,seasonal_naive,primary_use,Office,39588,93.46748402798829,285.2811632166201,0.16170308454832225,1.5089279947642689,0.8758241166388985,90.85521995055319,96.14889970672931
remediated,seasonal_naive,primary_use,Education,39590,35.420024728466785,86.37792537654023,0.12994097362510354,0.5718166851695936,0.8478709250696594,34.67638268881031,36.15098798282395
remediated,seasonal_naive,primary_use,Office,39588,93.46748402798829,285.2811632166201,0.16170308454832225,1.5089279947642689,0.8758241166388985,90.85521995055319,96.14889970672931
corrupted,hist_gradient_boosting,quarter,2017Q2,26188,367.1300999130587,1747.7704963743568,0.8672856804852535,5.926904861518829,-7.438715454185321,346.9512713882154,386.4896793603895
corrupted,hist_gradient_boosting,quarter,2017Q3,26496,203.17024699098027,985.3450690174428,0.46102344583862476,3.2799564102534386,-1.4334126745092677,191.94599303172203,215.41438791223848
corrupted,hist_gradient_boosting,quarter,2017Q4,26494,275.28209934807734,1852.122806100923,0.6683745142093314,4.444121616020062,-8.396646550845821,254.63562696279777,299.32700083254997
reference,hist_gradient_boosting,quarter,2017Q2,26188,44.75379577168553,135.54950460254102,0.10572362829780531,0.7224999796895948,0.9492421281702911,43.31195861960742,46.316096684673184
reference,hist_gradient_boosting,quarter,2017Q3,26496,43.183002563300064,136.91296134028426,0.09798864222611588,0.6971412801293427,0.9530183571859663,41.741095440892124,44.618661065284016
reference,hist_gradient_boosting,quarter,2017Q4,26494,53.265048703005824,128.35217681817753,0.12932552147603543,0.8599046392045863,0.9548726522462558,51.92981195335296,54.69903852820843
remediated,hist_gradient_boosting,quarter,2017Q2,26188,44.45732268914144,129.09397636924294,0.10502325843109947,0.7177137533500597,0.9539616774002745,43.05890429549423,45.89548709226274
remediated,hist_gradient_boosting,quarter,2017Q3,26496,41.92134944723806,123.94986304717179,0.09512576404570117,0.6767733016146169,0.9614937547025696,40.59987583950176,43.351228289622526
remediated,hist_gradient_boosting,quarter,2017Q4,26494,49.1238025399106,128.55607462626992,0.11927073259206886,0.7930488515080508,0.954729161483915,47.74455608727406,50.48095787813282
corrupted,random_forest,quarter,2017Q2,26188,272.0086959967186,877.1071180049514,0.64257669709263,4.391276179915872,-1.1252636112669423,261.7290361437365,282.4086413425033
corrupted,random_forest,quarter,2017Q3,26496,184.56145189258405,737.902710832381,0.4187973277616584,2.9795382256322074,-0.36470028494698115,176.77477400470957,192.7106515189752
corrupted,random_forest,quarter,2017Q4,26494,174.6383675093534,1069.0684728337035,0.4240153439791398,2.819341126331009,-2.1307210768148543,162.03689607016165,187.82815478079033
reference,random_forest,quarter,2017Q2,26188,43.7862259734537,136.67323055646216,0.10343790061959207,0.7068796474358322,0.9483970588402711,42.210044090084104,45.314932396186286
reference,random_forest,quarter,2017Q3,26496,44.613735848669556,139.943165596925,0.10123518840630702,0.7202388688767687,0.9509157162585855,43.17237941675085,45.9894926513003
reference,random_forest,quarter,2017Q4,26494,49.36435074490149,125.18823378732336,0.1198547745259086,0.7969322332463713,0.9570700525335478,47.97261813716673,50.688368590138765
remediated,random_forest,quarter,2017Q2,26188,43.524109446381516,135.8167550258075,0.10281869257698792,0.702648069259713,0.9490417816583612,42.0100702862066,44.93714815437
remediated,random_forest,quarter,2017Q3,26496,41.72747295673061,128.0079400703372,0.09468582951274364,0.67364338250857,0.9589311172479759,40.41062442837055,43.253984035896664
remediated,random_forest,quarter,2017Q4,26494,46.92780184963349,125.92846845005062,0.11393892606326352,0.757596876390281,0.9565608643112221,45.584090401855114,48.255354006309794
corrupted,ridge,quarter,2017Q2,26188,174.6268998590267,266.16545357843535,0.412527901447285,2.8191559939420068,0.8042909502894311,172.0225486237236,177.05294045082857
corrupted,ridge,quarter,2017Q3,26496,168.83587479931455,253.64621396956912,0.3831136592781432,2.72566637108702,0.8387514421763589,166.40245212338218,170.98773205073147
corrupted,ridge,quarter,2017Q4,26494,184.74417630560168,275.91149765579416,0.4485518651001308,2.982488106919764,0.7914678937995409,182.48016345121445,187.08087208657872
reference,ridge,quarter,2017Q2,26188,49.24568512867162,125.73422857244616,0.1163349928210648,0.7950165095890234,0.9563268438409895,47.920049589977516,50.60407624542978
reference,ridge,quarter,2017Q3,26496,46.41569305847094,122.72290652347483,0.10532409676971158,0.7493294527040003,0.9622523138584055,45.11001229322465,47.693493795464875
reference,ridge,quarter,2017Q4,26494,55.163317852946705,132.4190432366593,0.13393444709791552,0.8905500715892373,0.9519676070122204,53.87023971571512,56.54451869935926
remediated,ridge,quarter,2017Q2,26188,48.59297642155062,124.4377281086796,0.11479307371569006,0.7844792575077931,0.9572228661796748,47.285738496348486,49.989065657643536
remediated,ridge,quarter,2017Q3,26496,45.92376988075135,121.64109733959464,0.10420785006607766,0.741387903170986,0.9629148765340253,44.63426044121214,47.16860241204903
remediated,ridge,quarter,2017Q4,26494,55.18849334700722,134.32070903096948,0.13399557224427455,0.8909565017843472,0.950578117507257,53.82163164943027,56.53811841775509
corrupted,seasonal_naive,quarter,2017Q2,26188,62.805442110890475,206.53835703178942,0.14836773288875013,1.0139236207138234,0.8821555940885464,60.480671326848174,65.06898335124866
corrupted,seasonal_naive,quarter,2017Q3,26496,59.45208745471015,231.92551786755362,0.1349056105734151,0.9597874602115418,0.8651856442600259,56.89736494527476,61.97690566123188
corrupted,seasonal_naive,quarter,2017Q4,26494,71.05299726353137,191.82885333403544,0.172513987075787,1.147071174513983,0.8991998463500348,68.90623447733448,73.21801324016758
reference,seasonal_naive,quarter,2017Q2,26188,62.805442110890475,206.53835703178942,0.14836773288875013,1.0139236207138234,0.8821555940885464,60.480671326848174,65.06898335124866
reference,seasonal_naive,quarter,2017Q3,26496,59.45208745471015,231.92551786755362,0.1349056105734151,0.9597874602115418,0.8651856442600259,56.89736494527476,61.97690566123188
reference,seasonal_naive,quarter,2017Q4,26494,71.05299726353137,191.82885333403544,0.172513987075787,1.147071174513983,0.8991998463500348,68.90623447733448,73.21801324016758
remediated,seasonal_naive,quarter,2017Q2,26188,62.805442110890475,206.53835703178942,0.14836773288875013,1.0139236207138234,0.8821555940885464,60.480671326848174,65.06898335124866
remediated,seasonal_naive,quarter,2017Q3,26496,59.45208745471015,231.92551786755362,0.1349056105734151,0.9597874602115418,0.8651856442600259,56.89736494527476,61.97690566123188
remediated,seasonal_naive,quarter,2017Q4,26494,71.05299726353137,191.82885333403544,0.172513987075787,1.147071174513983,0.8991998463500348,68.90623447733448,73.21801324016758
corrupted,hist_gradient_boosting,site_id,Eagle,26400,113.1690440555748,339.15769357158865,0.5155435821814357,1.826987647009236,-3.1084434396318468,109.52976801197866,116.8829524835419
corrupted,hist_gradient_boosting,site_id,Panther,26380,22.479704875683492,30.89478083592706,0.3210920432635159,0.36290969371552173,0.6920447322602408,22.23474822351477,22.74341910913671
corrupted,hist_gradient_boosting,site_id,Rat,26398,708.775228548998,2707.7211399750786,0.7187335765743526,11.442383364387696,-10.975103682227768,678.2760907762648,740.737552326385
reference,hist_gradient_boosting,site_id,Eagle,26400,27.44140397929801,58.14244460559398,0.12500980127240274,0.4430107765348563,0.8792573949468722,26.77994941959971,28.08736991299231
reference,hist_gradient_boosting,site_id,Panther,26380,12.988007722588328,22.05954053372403,0.1855160448338142,0.2096768587775354,0.8429961417833391,12.779938927832754,13.189158231126676
reference,hist_gradient_boosting,site_id,Rat,26398,100.7772077865061,222.95594253710053,0.10219313552740078,1.6269353095853052,0.9188086961943629,98.22659059557496,103.2848103232056
remediated,hist_gradient_boosting,site_id,Eagle,26400,23.240584332417622,52.33008767965003,0.10587289305757912,0.37519324157012496,0.9021914341678178,22.684917148288804,23.762257238426393
remediated,hist_gradient_boosting,site_id,Panther,26380,13.371286482186619,21.88343959796865,0.19099066119285926,0.2158644656888673,0.8454928544823159,13.167401642884938,13.582099934529825
remediated,hist_gradient_boosting,site_id,Rat,26398,98.87857043161372,212.89163055527365,0.10026782216748964,1.5962839329435161,0.9259732662568416,96.53163605295482,101.31465979658431
corrupted,random_forest,site_id,Eagle,26400,173.08201905757076,537.1562948771793,0.7884781996772547,2.794215621210965,-9.305648013530977,166.7527560107548,179.11037546235121
corrupted,random_forest,site_id,Panther,26380,43.07525221155505,124.6782747800466,0.6152714558837803,0.6954017712093737,-4.015323695381632,41.60700318280049,44.43048510666955
corrupted,random_forest,site_id,Rat,26398,414.2238962209292,1467.2046908670332,0.4200437747280139,6.6871815327876645,-2.516032045875751,396.6189631560483,432.71876020111637
reference,random_forest,site_id,Eagle,26400,24.973443375277856,52.37290461593253,0.11376696308200158,0.4031683127720977,0.9020313130371244,24.441737854510865,25.53016586192399
reference,random_forest,site_id,Panther,26380,9.777332171145298,16.870823619044483,0.13965590659933869,0.15784409284765452,0.9081688612404226,9.61800755303013,9.932079342726972
reference,random_forest,site_id,Rat,26398,103.0151303770144,225.58655738799928,0.10446250110732577,1.6630640668964807,0.9168814718284822,100.47836111464382,105.672081412933
remediated,random_forest,site_id,Eagle,26400,21.950304940069987,51.17339382174597,0.09999500246040201,0.35436312384065044,0.9064675292524411,21.422792155790734,22.51207430265342
remediated,random_forest,site_id,Panther,26380,9.454630661864515,16.73720861969749,0.1350465539609386,0.15263443789256184,0.9096176854651831,9.280374330006355,9.617293780933476
remediated,random_forest,site_id,Rat,26398,100.75856036706303,218.54771600816915,0.10217422611023952,1.626634267853837,0.9219875431654517,98.29520146248035,103.25067548258781
corrupted,ridge,site_id,Eagle,26400,138.0615211836466,176.8305402039197,0.6289417020919786,2.2288488502735646,-0.11683370842710072,136.81981607033447,139.45311012687918
corrupted,ridge,site_id,Panther,26380,87.12946696544307,110.02067233665393,1.2445260616680809,1.4066077977842761,-2.9054042008199428,86.28526261121229,87.98276226437369
corrupted,ridge,site_id,Rat,26398,302.9743655365854,409.7462826847063,0.3072311793376983,4.891182282356082,0.725778529440589,299.3364726428676,306.4670154877142
reference,ridge,site_id,Eagle,26400,29.978837057901245,55.466069992903265,0.13656912254975115,0.48397479570112373,0.8901174430599837,29.45714734846042,30.471052508090235
reference,ridge,site_id,Panther,26380,17.503143823187123,24.06302953909841,0.2500086297752814,0.28256868135322577,0.8131823054719369,17.318645495796925,17.68600080176175
reference,ridge,site_id,Rat,26398,103.33354482303959,211.5262978297997,0.10478538930150426,1.6682045120100015,0.9269197292379353,100.98600599971273,105.61621205529154
remediated,ridge,site_id,Eagle,26400,29.754996323594984,56.435118514250256,0.13554941212482519,0.48036113739122244,0.8862443833852093,29.197494515876002,30.26056783553095
remediated,ridge,site_id,Panther,26380,16.604316513368754,22.36647533737557,0.2371701027996529,0.2680581196926865,0.8385966662823789,16.424479855025808,16.79072774568357
remediated,ridge,site_id,Rat,26398,103.33961828388476,211.2714731034206,0.10479154809495471,1.668302561242734,0.9270957020874256,100.96998302624286,105.67663600017471
corrupted,seasonal_naive,site_id,Eagle,26400,29.879886526515154,75.09445459207564,0.13611835165356426,0.48237735003905197,0.7985859784922583,29.117705110416665,30.735503695928028
corrupted,seasonal_naive,site_id,Panther,26380,8.001324200151629,15.821728753803312,0.11428804561485104,0.12917243045911345,0.9192346146829333,7.833127714556482,8.149349616376044
corrupted,seasonal_naive,site_id,Rat,26398,155.41198575649668,356.8616619438025,0.15759553644948995,2.5089526958879342,0.7919962338549689,151.8283103360103,159.115601645958
reference,seasonal_naive,site_id,Eagle,26400,29.879886526515154,75.09445459207564,0.13611835165356426,0.48237735003905197,0.7985859784922583,29.117705110416665,30.735503695928028
reference,seasonal_naive,site_id,Panther,26380,8.001324200151629,15.821728753803312,0.11428804561485104,0.12917243045911345,0.9192346146829333,7.833127714556482,8.149349616376044
reference,seasonal_naive,site_id,Rat,26398,155.41198575649668,356.8616619438025,0.15759553644948995,2.5089526958879342,0.7919962338549689,151.8283103360103,159.115601645958
remediated,seasonal_naive,site_id,Eagle,26400,29.879886526515154,75.09445459207564,0.13611835165356426,0.48237735003905197,0.7985859784922583,29.117705110416665,30.735503695928028
remediated,seasonal_naive,site_id,Panther,26380,8.001324200151629,15.821728753803312,0.11428804561485104,0.12917243045911345,0.9192346146829333,7.833127714556482,8.149349616376044
remediated,seasonal_naive,site_id,Rat,26398,155.41198575649668,356.8616619438025,0.15759553644948995,2.5089526958879342,0.7919962338549689,151.8283103360103,159.115601645958
