model,horizon_hours,n,corrupted_mae,remediated_mae,mean_difference,difference_ci_low,difference_ci_high
hist_gradient_boosting,1,3290,32.90230987707092,37.7491824906174,4.846872613546482,2.2713717247908147,7.47227622225704
hist_gradient_boosting,2,3290,34.76674101819019,39.655942035194784,4.889201017004596,2.6170322081572,7.245224168944035
hist_gradient_boosting,3,3290,37.594625041342056,41.8193977304345,4.224772689092452,2.008132174290718,6.877253522146768
hist_gradient_boosting,4,3290,39.61640850511413,43.97815699242732,4.361748487313185,1.9424249983268052,6.767296206877139
hist_gradient_boosting,5,3290,47.8668877528928,51.2595805755519,3.3926928226590993,1.0196913045456542,6.1361593892814295
hist_gradient_boosting,6,3290,41.41652904326751,46.84516657864154,5.42863753537403,2.77158684303734,7.931528106817446
hist_gradient_boosting,7,3290,50.937435652309425,57.4518692478048,6.51443359549538,4.122981421066629,9.22576461827814
hist_gradient_boosting,8,3290,54.995631612577235,62.05121778611674,7.0555861735394885,4.198680424468038,9.550593111116738
hist_gradient_boosting,9,3290,55.391858645236226,62.621886069512556,7.230027424276332,4.857903482451679,9.82822030718589
hist_gradient_boosting,10,3290,57.853009338322224,65.89862596279326,8.045616624471034,5.423596919850002,10.451744066697387
hist_gradient_boosting,11,3290,57.31789262051652,65.04827361195608,7.7303809914395645,5.14945156611633,10.584826536919707
hist_gradient_boosting,12,3290,57.959108778957855,65.07039041838938,7.111281639431528,4.736937589674759,9.728191408763548
hist_gradient_boosting,13,3290,57.9345923050009,64.90797590154014,6.973383596539252,4.281809026517408,9.803984644767006
hist_gradient_boosting,14,3290,60.65523519369975,67.08852029757385,6.433285103874099,3.605496795309177,9.486170083979378
hist_gradient_boosting,15,3290,60.158709206170734,66.23743334136404,6.078724135193304,3.5403904562381974,9.039187509919028
hist_gradient_boosting,16,3290,60.06066793405251,66.81782556769726,6.7571576336447485,3.850803716092875,9.57552871115951
hist_gradient_boosting,17,3290,57.70525501188495,64.46707467108301,6.761819659198055,3.870483586300455,9.626180801937073
hist_gradient_boosting,18,3290,57.55425832935921,64.62231509109814,7.068056761738941,4.459575620910317,9.853479770337584
hist_gradient_boosting,19,3290,56.00954695116728,62.44013474108856,6.430587789921285,3.970284884175867,9.016649717467708
hist_gradient_boosting,20,3290,55.59613893361782,61.94540156837808,6.349262634760266,3.7494463054552285,9.221381386416244
hist_gradient_boosting,21,3290,52.632950632487464,59.67387021676631,7.040919584278846,4.456641061700971,9.609141490537668
hist_gradient_boosting,22,3290,47.6019401484122,54.37932453485663,6.777384386444429,4.1727914766574035,8.846992120480358
hist_gradient_boosting,23,3290,44.8829047370297,51.4575051796944,6.574600442664711,4.0398814066464075,9.085432650960527
hist_gradient_boosting,24,3290,44.01005372914197,51.058720454521826,7.048666725379855,4.714735816942743,9.358688916889307
seasonal_naive,1,3290,53.16901401215806,53.16901401215806,0.0,0.0,0.0
seasonal_naive,2,3290,50.933070030395136,50.933070030395136,0.0,0.0,0.0
seasonal_naive,3,3290,51.47409978723404,51.47409978723404,0.0,0.0,0.0
seasonal_naive,4,3290,51.922872644376895,51.922872644376895,0.0,0.0,0.0
seasonal_naive,5,3290,52.91753501519757,52.91753501519757,0.0,0.0,0.0
seasonal_naive,6,3290,55.81975705167172,55.81975705167172,0.0,0.0,0.0
seasonal_naive,7,3290,65.34694841945289,65.34694841945289,0.0,0.0,0.0
seasonal_naive,8,3290,71.66915887537994,71.66915887537994,0.0,0.0,0.0
seasonal_naive,9,3290,73.19984121580546,73.19984121580546,0.0,0.0,0.0
seasonal_naive,10,3290,74.8723147112462,74.8723147112462,0.0,0.0,0.0
seasonal_naive,11,3290,73.4777084194529,73.4777084194529,0.0,0.0,0.0
seasonal_naive,12,3290,72.91783601823708,72.91783601823708,0.0,0.0,0.0
seasonal_naive,13,3290,72.57958808510638,72.57958808510638,0.0,0.0,0.0
seasonal_naive,14,3290,73.22558200607902,73.22558200607902,0.0,0.0,0.0
seasonal_naive,15,3290,75.3101629787234,75.3101629787234,0.0,0.0,0.0
seasonal_naive,16,3290,74.66987699088145,74.66987699088145,0.0,0.0,0.0
seasonal_naive,17,3290,71.72808738601823,71.72808738601823,0.0,0.0,0.0
seasonal_naive,18,3290,69.30309890577507,69.30309890577507,0.0,0.0,0.0
seasonal_naive,19,3290,67.16512817629179,67.16512817629179,0.0,0.0,0.0
seasonal_naive,20,3290,65.00752018237083,65.00752018237083,0.0,0.0,0.0
seasonal_naive,21,3290,62.68649361702127,62.68649361702127,0.0,0.0,0.0
seasonal_naive,22,3290,57.93357145896657,57.93357145896657,0.0,0.0,0.0
seasonal_naive,23,3290,56.02105045592705,56.02105045592705,0.0,0.0,0.0
seasonal_naive,24,3290,54.09425075987842,54.09425075987842,0.0,0.0,0.0
