condition,model,horizon_hours,n,mae,rmse,wmape,mase,r2,mae_ci_low,mae_ci_high,mase_macro_building,mase_buildings_evaluated,mase_buildings_undefined
corrupted,hist_gradient_boosting,1,3290,32.90230987707092,115.61173894590543,0.0873715612518384,0.5311709947285481,0.9616353908983996,27.301067977575936,40.18157262417219,1.1362657477867757,12,0
corrupted,hist_gradient_boosting,2,3290,34.76674101819019,120.28393020975896,0.09282248307483748,0.561270150305505,0.9586643015536748,28.902529843218684,42.10917217260982,1.2666745287550318,12,0
corrupted,hist_gradient_boosting,3,3290,37.594625041342056,122.80163996570806,0.1006443714344247,0.6069231751285837,0.9567098788919793,31.721925254314897,45.456384045924565,1.3138816607236592,12,0
corrupted,hist_gradient_boosting,4,3290,39.61640850511413,126.34323140054373,0.10558297075703399,0.6395626079705293,0.955525925393219,32.89466021612347,48.40986734287127,1.33324352905279,12,0
corrupted,hist_gradient_boosting,5,3290,47.8668877528928,134.55512357713474,0.12740443817943645,0.7727573680163544,0.9498964525848101,39.95972920089637,55.46449747022448,1.3698904054535586,12,0
corrupted,hist_gradient_boosting,6,3290,41.41652904326751,132.7996732638632,0.10668499720388423,0.6686235407881538,0.9513634840778125,34.30066447783944,49.58242736379811,1.2055504673967221,12,0
corrupted,hist_gradient_boosting,7,3290,50.937435652309425,144.6154584817156,0.12129858236454358,0.8223279297242845,0.9442685216973842,42.71872681823951,60.117337411691864,1.3090843878290415,12,0
corrupted,hist_gradient_boosting,8,3290,54.995631612577235,148.95552753675676,0.12433307745943427,0.8878429647802587,0.9419906377208603,47.97302831230318,64.2409346314648,1.4644590158968676,12,0
corrupted,hist_gradient_boosting,9,3290,55.391858645236226,150.60966389980533,0.12359795344245353,0.8942396070786915,0.9428862345214604,47.620735265413714,65.68569093525223,1.4924826306321013,12,0
corrupted,hist_gradient_boosting,10,3290,57.853009338322224,153.17687439786297,0.12722760590649734,0.9339721324456833,0.9422996002710461,49.346826008951375,67.05158915657896,1.633677107023769,12,0
corrupted,hist_gradient_boosting,11,3290,57.31789262051652,150.18891454212547,0.12549031768749655,0.9253332715160192,0.9443270124274447,48.97658340670753,65.75134369285202,1.6890672813578664,12,0
corrupted,hist_gradient_boosting,12,3290,57.959108778957855,151.50450721226932,0.12663380995037363,0.9356849892521851,0.9434360746320726,49.34746684803538,66.88814445411377,1.6652794441245113,12,0
corrupted,hist_gradient_boosting,13,3290,57.9345923050009,151.80313177636697,0.125570663352314,0.9352891981995931,0.9434692233907117,49.04626268752283,67.71555012858397,1.649220598351156,12,0
corrupted,hist_gradient_boosting,14,3290,60.65523519369975,153.89376058729758,0.13046809090629544,0.979210934846369,0.9422868376545231,52.64286183594306,70.91568831554123,1.6708987591420053,12,0
corrupted,hist_gradient_boosting,15,3290,60.158709206170734,153.56269724182042,0.1290157325159708,0.971195078096805,0.9417998467776685,52.1780065738422,69.1251275056279,1.7018177180360696,12,0
corrupted,hist_gradient_boosting,16,3290,60.06066793405251,154.04271998083112,0.1297679350568778,0.9696123114086893,0.9402930273854928,52.91441144349854,70.15313379600256,1.7114433951040564,12,0
corrupted,hist_gradient_boosting,17,3290,57.70525501188495,150.89364955112381,0.12477350861078695,0.9315868040951099,0.9414714327943503,49.358361744561115,66.58655290878947,1.64354611874118,12,0
corrupted,hist_gradient_boosting,18,3290,57.55425832935921,150.8850334630419,0.1265232038458773,0.9291491315317679,0.9394291917628214,49.26371267186178,67.33352338121672,1.6060069712724354,12,0
corrupted,hist_gradient_boosting,19,3290,56.00954695116728,148.3166370566243,0.1256029690961222,0.904211493949839,0.9386893055841824,48.11408233440011,65.05211373766365,1.6030492943745411,12,0
corrupted,hist_gradient_boosting,20,3290,55.59613893361782,147.7766008966937,0.12785695299537464,0.8975374838657163,0.9375016157629674,48.3465718645889,65.58850510637834,1.609358494796962,12,0
corrupted,hist_gradient_boosting,21,3290,52.632950632487464,145.21906848567653,0.12365499871490263,0.8497001228001859,0.9399597344436411,43.91182076584456,60.646030772688455,1.6081553157101978,12,0
corrupted,hist_gradient_boosting,22,3290,47.6019401484122,139.67824236222805,0.11577480804901188,0.7684800852617785,0.943656581915326,39.901678098389446,56.32346715299007,1.537435894409121,12,0
corrupted,hist_gradient_boosting,23,3290,44.8829047370297,137.2850340281994,0.11320524768439003,0.7245842995384582,0.9453102762853001,37.188313884762955,52.81167538590557,1.4623653442301363,12,0
corrupted,hist_gradient_boosting,24,3290,44.01005372914197,136.66876410843884,0.11452669126997361,0.7104930962204614,0.9462303184694931,36.615599226327305,53.09720886945759,1.228960619072161,12,0
reference,hist_gradient_boosting,1,3290,35.05257421092849,118.86231242171588,0.09308155403517805,0.5658846075238733,0.9594477215339176,29.411494798829448,42.310323456828506,1.2078921703752379,12,0
reference,hist_gradient_boosting,2,3290,36.62204685066015,120.53489388630821,0.09777589801076679,0.5912219879801454,0.9584916337520227,30.522291483240966,43.85411521135948,1.3558273723104286,12,0
reference,hist_gradient_boosting,3,3290,38.84786113379883,122.27502798526521,0.10399940313498145,0.6271552702108771,0.9570803660591518,32.81996798080886,46.14884301767964,1.3491194379236342,12,0
reference,hist_gradient_boosting,4,3290,40.42947150654691,125.15457913189938,0.1077498912413283,0.6526886007917506,0.9563588237239427,33.81919334187256,48.8918320568213,1.3736977609010375,12,0
reference,hist_gradient_boosting,5,3290,46.34765429516713,131.94924894616807,0.12336078516100421,0.7482310429656198,0.9518183307540806,38.573479126241004,53.75264808512158,1.3874183403641913,12,0
reference,hist_gradient_boosting,6,3290,40.508583632948536,131.14301650294985,0.10434621711297015,0.6539657775927972,0.952569382200445,33.45483711840605,48.618449700745366,1.1957560839642218,12,0
reference,hist_gradient_boosting,7,3290,51.803914208185304,145.75699939333373,0.1233619492995113,0.8363162569315571,0.9433852017722684,43.35752166407565,61.08681353438022,1.2902757525163724,12,0
reference,hist_gradient_boosting,8,3290,55.288739594004326,149.37003752626802,0.12499573040640793,0.892574865325819,0.9416673342876456,48.18922898729303,64.69687335898338,1.4066514476836713,12,0
reference,hist_gradient_boosting,9,3290,55.97706831360583,151.1519996164309,0.1249037539538332,0.9036871626708073,0.9424741679472305,48.308273306224905,66.11870368220822,1.4558809723234922,12,0
reference,hist_gradient_boosting,10,3290,57.39869642937719,153.36145957617666,0.1262285024130304,0.9266377586383743,0.9421604532115532,48.741064194977724,66.62003280883646,1.5631244696270221,12,0
reference,hist_gradient_boosting,11,3290,57.011646812444155,150.01608590614285,0.12481983100369778,0.9203892754527334,0.9444550691536003,48.98017648654911,65.4548338882757,1.6080607078071878,12,0
reference,hist_gradient_boosting,12,3290,57.96559301773544,151.3245061737362,0.12664797724656457,0.9357896700352188,0.9435704008932165,49.14782835923227,66.71831051879433,1.6122188090974572,12,0
reference,hist_gradient_boosting,13,3290,57.87671935099172,151.92761846567032,0.12544522628723842,0.9343549040827428,0.9433764688521895,49.089260491284676,67.27991257323067,1.585236829140242,12,0
reference,hist_gradient_boosting,14,3290,60.46491089844002,154.10652297516756,0.13005870748907966,0.9761383619597895,0.9421271472506288,52.61385159323267,70.5793646616245,1.599360810656046,12,0
reference,hist_gradient_boosting,15,3290,59.26991201859818,153.09576336994144,0.1271096274527816,0.9568464415421463,0.9421532438889554,51.16822870098032,68.04040521257943,1.5626106663080963,12,0
reference,hist_gradient_boosting,16,3290,59.14878826854449,153.5906708727018,0.1277977148564754,0.9548910340634117,0.940642941759819,52.12068826860955,68.96074969581414,1.5563317113462327,12,0
reference,hist_gradient_boosting,17,3290,57.628534903755785,150.7710111112035,0.12460762013026117,0.9303482437538175,0.9415665320288565,49.171569375369,66.1130680135438,1.4947735377566327,12,0
reference,hist_gradient_boosting,18,3290,57.06762775511132,150.49165098003138,0.1254534296687719,0.9212930251625093,0.9397446164708476,48.84102755255059,67.01631226437131,1.4583739501343524,12,0
reference,hist_gradient_boosting,19,3290,55.51774789693679,148.031705427854,0.12450009601871864,0.8962719482517355,0.9389246477028511,47.93062518562925,64.33953153052065,1.4691741397182094,12,0
reference,hist_gradient_boosting,20,3290,54.56642391313709,145.2842803488784,0.12548887083180146,0.880913886502516,0.9395919666509462,47.68911999963114,64.58998320741507,1.472457104353974,12,0
reference,hist_gradient_boosting,21,3290,51.35165505784017,142.33749377508386,0.12064474371812829,0.8290150387599016,0.9423188460007561,42.50889355929591,58.80250192902866,1.4733219816849326,12,0
reference,hist_gradient_boosting,22,3290,46.84375074086723,137.5879797611528,0.11393078167425412,0.7562399652427593,0.9453303045228566,39.088012324573405,55.016167093234984,1.4017434396622315,12,0
reference,hist_gradient_boosting,23,3290,44.42359948851524,135.2202258944571,0.11204677176297931,0.7171693299922779,0.9469430046205422,36.71324437004354,52.21306246524067,1.2827459776243988,12,0
reference,hist_gradient_boosting,24,3290,44.28369655750864,135.097892357967,0.1152387878267165,0.714910753639862,0.9474592730454157,36.968894818225735,53.28322254467394,1.3432732227951043,12,0
remediated,hist_gradient_boosting,1,3290,37.7491824906174,109.30181975089472,0.10024235448843878,0.6094183322887047,0.9657088779984101,32.71116237707598,44.89176004428557,1.2362979391883973,12,0
remediated,hist_gradient_boosting,2,3290,39.655942035194784,113.51731521934292,0.1058759866635961,0.6402008325990289,0.9631841965649557,33.8788502973808,46.88363295937068,1.3710221371347158,12,0
remediated,hist_gradient_boosting,3,3290,41.8193977304345,115.33216104654787,0.11195448800772342,0.6751274051705327,0.9618160083026962,36.26297382657719,49.213499875581896,1.4496896004530655,12,0
remediated,hist_gradient_boosting,4,3290,43.97815699242732,118.14009064656746,0.11720760762753869,0.7099781590797982,0.9611136161305125,37.61159144975218,51.4668687856107,1.4883881403943333,12,0
remediated,hist_gradient_boosting,5,3290,51.2595805755519,125.80935179245034,0.13643456617141492,0.8275285992202794,0.9561980095321132,43.80144606799124,58.418070679284874,1.5152208754659446,12,0
remediated,hist_gradient_boosting,6,3290,46.84516657864154,126.20245926645853,0.12066864560854029,0.7562628223601399,0.9560757778291953,39.35762628506633,54.49695000592096,1.27063559473129,12,0
remediated,hist_gradient_boosting,7,3290,57.4518692478048,140.73362903328132,0.1368115651035111,0.9274961743229339,0.9472203022284992,49.99222429249447,66.47811711425166,1.4119529524028394,12,0
remediated,hist_gradient_boosting,8,3290,62.05121778611674,144.06594593904882,0.1402842124225934,1.0017475125215616,0.9457365360811302,55.27736041682957,71.23263374320732,1.8113835206686584,12,0
remediated,hist_gradient_boosting,9,3290,62.621886069512556,145.63208723862687,0.1397305876386924,1.0109603137164902,0.946599015572385,54.727348015631236,71.88253754977784,1.833499082914735,12,0
remediated,hist_gradient_boosting,10,3290,65.89862596279326,149.08362402553823,0.1449211460158259,1.0638596145583914,0.9453421810624698,57.15401377372388,75.3834351876267,1.9707569408489232,12,0
remediated,hist_gradient_boosting,11,3290,65.04827361195608,146.36126868938283,0.14241501470808973,1.050131626895777,0.9471285646060977,57.21166942285259,73.51611963341516,1.9865279718143165,12,0
remediated,hist_gradient_boosting,12,3290,65.07039041838938,146.9866422741696,0.14217112076489552,1.0504886780000091,0.9467592490520501,56.91619753612533,73.45271948683735,1.9680777148073456,12,0
remediated,hist_gradient_boosting,13,3290,64.90797590154014,147.24270896245315,0.14068516350133797,1.047866677271322,0.9468147644559929,56.48489519436728,74.32482477648634,1.9670393887897994,12,0
remediated,hist_gradient_boosting,14,3290,67.08852029757385,149.64340462061472,0.14430594716186798,1.0830691278049895,0.9454307470723351,59.53949503130003,77.27964404849764,2.051817715473254,12,0
remediated,hist_gradient_boosting,15,3290,66.23743334136404,148.04423211553333,0.14205210010784775,1.069329280760223,0.9459076750746507,58.142719452866075,75.64430734977552,1.9502727998651974,12,0
remediated,hist_gradient_boosting,16,3290,66.81782556769726,148.69789389356518,0.1443675461357074,1.0786990641385314,0.9443644572690744,59.22914931906662,76.48785304453642,1.9742183271986669,12,0
remediated,hist_gradient_boosting,17,3290,64.46707467108301,145.34773618719078,0.13939429077868087,1.0407488200134594,0.9456946632300017,56.23280299825634,72.60118891874775,1.954045028977836,12,0
remediated,hist_gradient_boosting,18,3290,64.62231509109814,145.33192077434757,0.14206111906567165,1.0432550029723338,0.9438055961075982,56.37471764342772,74.44499733723356,1.9729929687644454,12,0
remediated,hist_gradient_boosting,19,3290,62.44013474108856,142.10594452167575,0.14002374132896298,1.0080261417913914,0.943716514191638,54.631922315969895,71.3817273267995,1.918382556165177,12,0
remediated,hist_gradient_boosting,20,3290,61.94540156837808,141.2641792825736,0.14245863918831553,1.0000392280319725,0.9428887658326149,55.06587532941021,72.04235616805471,1.953864311302752,12,0
remediated,hist_gradient_boosting,21,3290,59.67387021676631,138.9262625754184,0.14019682074242032,0.9633678948611197,0.9450504657184144,51.10924159685142,67.63056280780984,1.8872529429922353,12,0
remediated,hist_gradient_boosting,22,3290,54.37932453485663,133.37030754397426,0.13225838779321158,0.8778933762937909,0.9486306616016061,46.3790851665952,62.47327449606174,1.8025618929043645,12,0
remediated,hist_gradient_boosting,23,3290,51.4575051796944,131.96069122640577,0.1297879371493102,0.8307238705935179,0.9494700926978077,43.349660886670975,58.88874019181077,1.6332065605110297,12,0
remediated,hist_gradient_boosting,24,3290,51.058720454521826,131.5993497579018,0.13286932913383,0.8242859372099994,0.9501452644662253,43.2896785223941,60.08647282687108,1.4905643705113014,12,0
corrupted,seasonal_naive,1,3290,53.16901401215806,201.72325088395303,0.14118947216227107,0.8583542665269036,0.8832010799347573,41.21587032555644,66.56102992654341,0.8059652051673639,12,0
corrupted,seasonal_naive,2,3290,50.933070030395136,192.70752059850267,0.13598438888397055,0.8222574516410288,0.8939019534652893,40.11220004432555,64.23801734092528,0.7722544838372251,12,0
corrupted,seasonal_naive,3,3290,51.47409978723404,193.118671646259,0.13780103971091734,0.8309917719726884,0.8929395662801458,39.97684256284941,65.34861909064215,0.7841710208501796,12,0
corrupted,seasonal_naive,4,3290,51.922872644376895,195.620224984181,0.13838132609433149,0.8382367078396945,0.893382015683885,40.595146339976765,64.88701468337423,0.7635380903112604,12,0
corrupted,seasonal_naive,5,3290,52.91753501519757,196.88486221001367,0.14084744454781184,0.8542944193773293,0.8927264509947193,41.607720125647276,65.26449969777438,0.7774452480521523,12,0
corrupted,seasonal_naive,6,3290,55.81975705167172,199.1751931843793,0.14378632788754023,0.9011475482851993,0.8905945547815263,44.742592625633996,70.19715768860435,0.8416622883585853,12,0
corrupted,seasonal_naive,7,3290,65.34694841945289,212.61684508352056,0.1556123134904851,1.054953397622245,0.8795334522890507,53.07942764396049,79.04042491085927,0.9875904778613251,12,0
corrupted,seasonal_naive,8,3290,71.66915887537994,218.535789485284,0.16202827062117503,1.157018414616637,0.8751380865922452,60.009137891280304,87.03928348705539,1.1823013449980768,12,0
corrupted,seasonal_naive,9,3290,73.19984121580546,224.19143957113872,0.16333357984123537,1.1817295690740282,0.8734467896842395,60.81126326602037,88.59468269976337,1.2878525463789503,12,0
corrupted,seasonal_naive,10,3290,74.8723147112462,227.27622893814018,0.1646556585100527,1.2087297831486479,0.8729717121385858,61.45451939835254,90.05116008278675,1.3506275979675497,12,0
corrupted,seasonal_naive,11,3290,73.4777084194529,224.62171372429825,0.1608702021470672,1.1862154243077576,0.8754705003924311,60.44584196309183,88.81495096477208,1.374900338013217,12,0
corrupted,seasonal_naive,12,3290,72.91783601823708,223.2523097729858,0.1593168629204028,1.1771769105564143,0.8771768147924885,59.518204185870225,87.40456292701906,1.331448898867781,12,0
corrupted,seasonal_naive,13,3290,72.57958808510638,222.50742782605053,0.15731304319367426,1.1717162759755237,0.8785458061560997,59.58630825382015,88.02282125840776,1.368856919527133,12,0
corrupted,seasonal_naive,14,3290,73.22558200607902,222.6555095725508,0.15750663334049428,1.1821451253442654,0.8791908748279796,60.47403197979841,89.63195718078781,1.389515694126536,12,0
corrupted,seasonal_naive,15,3290,75.3101629787234,223.97393176698293,0.1615093802843847,1.2157983537336605,0.8761923122996053,62.66283291980836,89.0473429490568,1.4469036448884423,12,0
corrupted,seasonal_naive,16,3290,74.66987699088145,224.05667939704654,0.16133280033943764,1.2054616525615105,0.8736839650279412,63.041793311020555,89.25868179727904,1.4333241970634916,12,0
corrupted,seasonal_naive,17,3290,71.72808738601823,218.31593321144945,0.15509445590789497,1.1579697495147205,0.8774828649246947,59.275019886843545,85.11489542417334,1.3713566579211112,12,0
corrupted,seasonal_naive,18,3290,69.30309890577507,214.41236542078897,0.15235102257470096,1.118821022629935,0.8776875408919379,57.35926285545638,83.39116086161596,1.3179072655103456,12,0
corrupted,seasonal_naive,19,3290,67.16512817629179,209.0567338163242,0.15061967071469143,1.0843058763279558,0.8781894742784109,54.749886640591534,79.71242099068432,1.2717905767312894,12,0
corrupted,seasonal_naive,20,3290,65.00752018237083,205.40438673292692,0.14950073173655887,1.0494737083541221,0.8792528544637879,54.35479140593367,78.71974818765752,1.2523068796282357,12,0
corrupted,seasonal_naive,21,3290,62.68649361702127,204.08470640140817,0.1472746291915076,1.012003330313361,0.8814186929031658,50.45299770424208,75.12779451657862,1.1843798595913613,12,0
corrupted,seasonal_naive,22,3290,57.93357145896657,199.35637020244846,0.1409028307321901,0.9352727177820922,0.8852253697668678,45.937219139728654,69.9685617696505,1.1128806395023958,12,0
corrupted,seasonal_naive,23,3290,56.02105045592705,198.89207049027252,0.1412982722388442,0.9043972051685633,0.8852125850167536,44.32610585173979,67.43107207591981,1.0553717125301632,12,0
corrupted,seasonal_naive,24,3290,54.09425075987842,198.63488505513712,0.1407686433283051,0.8732911790258198,0.8864178783579729,42.67946011570634,67.58542528772723,0.8961670236425103,12,0
reference,seasonal_naive,1,3290,53.16901401215806,201.72325088395303,0.14118947216227107,0.8583542665269036,0.8832010799347573,41.21587032555644,66.56102992654341,0.8059652051673639,12,0
reference,seasonal_naive,2,3290,50.933070030395136,192.70752059850267,0.13598438888397055,0.8222574516410288,0.8939019534652893,40.11220004432555,64.23801734092528,0.7722544838372251,12,0
reference,seasonal_naive,3,3290,51.47409978723404,193.118671646259,0.13780103971091734,0.8309917719726884,0.8929395662801458,39.97684256284941,65.34861909064215,0.7841710208501796,12,0
reference,seasonal_naive,4,3290,51.922872644376895,195.620224984181,0.13838132609433149,0.8382367078396945,0.893382015683885,40.595146339976765,64.88701468337423,0.7635380903112604,12,0
reference,seasonal_naive,5,3290,52.91753501519757,196.88486221001367,0.14084744454781184,0.8542944193773293,0.8927264509947193,41.607720125647276,65.26449969777438,0.7774452480521523,12,0
reference,seasonal_naive,6,3290,55.81975705167172,199.1751931843793,0.14378632788754023,0.9011475482851993,0.8905945547815263,44.742592625633996,70.19715768860435,0.8416622883585853,12,0
reference,seasonal_naive,7,3290,65.34694841945289,212.61684508352056,0.1556123134904851,1.054953397622245,0.8795334522890507,53.07942764396049,79.04042491085927,0.9875904778613251,12,0
reference,seasonal_naive,8,3290,71.66915887537994,218.535789485284,0.16202827062117503,1.157018414616637,0.8751380865922452,60.009137891280304,87.03928348705539,1.1823013449980768,12,0
reference,seasonal_naive,9,3290,73.19984121580546,224.19143957113872,0.16333357984123537,1.1817295690740282,0.8734467896842395,60.81126326602037,88.59468269976337,1.2878525463789503,12,0
reference,seasonal_naive,10,3290,74.8723147112462,227.27622893814018,0.1646556585100527,1.2087297831486479,0.8729717121385858,61.45451939835254,90.05116008278675,1.3506275979675497,12,0
reference,seasonal_naive,11,3290,73.4777084194529,224.62171372429825,0.1608702021470672,1.1862154243077576,0.8754705003924311,60.44584196309183,88.81495096477208,1.374900338013217,12,0
reference,seasonal_naive,12,3290,72.91783601823708,223.2523097729858,0.1593168629204028,1.1771769105564143,0.8771768147924885,59.518204185870225,87.40456292701906,1.331448898867781,12,0
reference,seasonal_naive,13,3290,72.57958808510638,222.50742782605053,0.15731304319367426,1.1717162759755237,0.8785458061560997,59.58630825382015,88.02282125840776,1.368856919527133,12,0
reference,seasonal_naive,14,3290,73.22558200607902,222.6555095725508,0.15750663334049428,1.1821451253442654,0.8791908748279796,60.47403197979841,89.63195718078781,1.389515694126536,12,0
reference,seasonal_naive,15,3290,75.3101629787234,223.97393176698293,0.1615093802843847,1.2157983537336605,0.8761923122996053,62.66283291980836,89.0473429490568,1.4469036448884423,12,0
reference,seasonal_naive,16,3290,74.66987699088145,224.05667939704654,0.16133280033943764,1.2054616525615105,0.8736839650279412,63.041793311020555,89.25868179727904,1.4333241970634916,12,0
reference,seasonal_naive,17,3290,71.72808738601823,218.31593321144945,0.15509445590789497,1.1579697495147205,0.8774828649246947,59.275019886843545,85.11489542417334,1.3713566579211112,12,0
reference,seasonal_naive,18,3290,69.30309890577507,214.41236542078897,0.15235102257470096,1.118821022629935,0.8776875408919379,57.35926285545638,83.39116086161596,1.3179072655103456,12,0
reference,seasonal_naive,19,3290,67.16512817629179,209.0567338163242,0.15061967071469143,1.0843058763279558,0.8781894742784109,54.749886640591534,79.71242099068432,1.2717905767312894,12,0
reference,seasonal_naive,20,3290,65.00752018237083,205.40438673292692,0.14950073173655887,1.0494737083541221,0.8792528544637879,54.35479140593367,78.71974818765752,1.2523068796282357,12,0
reference,seasonal_naive,21,3290,62.68649361702127,204.08470640140817,0.1472746291915076,1.012003330313361,0.8814186929031658,50.45299770424208,75.12779451657862,1.1843798595913613,12,0
reference,seasonal_naive,22,3290,57.93357145896657,199.35637020244846,0.1409028307321901,0.9352727177820922,0.8852253697668678,45.937219139728654,69.9685617696505,1.1128806395023958,12,0
reference,seasonal_naive,23,3290,56.02105045592705,198.89207049027252,0.1412982722388442,0.9043972051685633,0.8852125850167536,44.32610585173979,67.43107207591981,1.0553717125301632,12,0
reference,seasonal_naive,24,3290,54.09425075987842,198.63488505513712,0.1407686433283051,0.8732911790258198,0.8864178783579729,42.67946011570634,67.58542528772723,0.8961670236425103,12,0
remediated,seasonal_naive,1,3290,53.16901401215806,201.72325088395303,0.14118947216227107,0.8583542665269036,0.8832010799347573,41.21587032555644,66.56102992654341,0.8059652051673639,12,0
remediated,seasonal_naive,2,3290,50.933070030395136,192.70752059850267,0.13598438888397055,0.8222574516410288,0.8939019534652893,40.11220004432555,64.23801734092528,0.7722544838372251,12,0
remediated,seasonal_naive,3,3290,51.47409978723404,193.118671646259,0.13780103971091734,0.8309917719726884,0.8929395662801458,39.97684256284941,65.34861909064215,0.7841710208501796,12,0
remediated,seasonal_naive,4,3290,51.922872644376895,195.620224984181,0.13838132609433149,0.8382367078396945,0.893382015683885,40.595146339976765,64.88701468337423,0.7635380903112604,12,0
remediated,seasonal_naive,5,3290,52.91753501519757,196.88486221001367,0.14084744454781184,0.8542944193773293,0.8927264509947193,41.607720125647276,65.26449969777438,0.7774452480521523,12,0
remediated,seasonal_naive,6,3290,55.81975705167172,199.1751931843793,0.14378632788754023,0.9011475482851993,0.8905945547815263,44.742592625633996,70.19715768860435,0.8416622883585853,12,0
remediated,seasonal_naive,7,3290,65.34694841945289,212.61684508352056,0.1556123134904851,1.054953397622245,0.8795334522890507,53.07942764396049,79.04042491085927,0.9875904778613251,12,0
remediated,seasonal_naive,8,3290,71.66915887537994,218.535789485284,0.16202827062117503,1.157018414616637,0.8751380865922452,60.009137891280304,87.03928348705539,1.1823013449980768,12,0
remediated,seasonal_naive,9,3290,73.19984121580546,224.19143957113872,0.16333357984123537,1.1817295690740282,0.8734467896842395,60.81126326602037,88.59468269976337,1.2878525463789503,12,0
remediated,seasonal_naive,10,3290,74.8723147112462,227.27622893814018,0.1646556585100527,1.2087297831486479,0.8729717121385858,61.45451939835254,90.05116008278675,1.3506275979675497,12,0
remediated,seasonal_naive,11,3290,73.4777084194529,224.62171372429825,0.1608702021470672,1.1862154243077576,0.8754705003924311,60.44584196309183,88.81495096477208,1.374900338013217,12,0
remediated,seasonal_naive,12,3290,72.91783601823708,223.2523097729858,0.1593168629204028,1.1771769105564143,0.8771768147924885,59.518204185870225,87.40456292701906,1.331448898867781,12,0
remediated,seasonal_naive,13,3290,72.57958808510638,222.50742782605053,0.15731304319367426,1.1717162759755237,0.8785458061560997,59.58630825382015,88.02282125840776,1.368856919527133,12,0
remediated,seasonal_naive,14,3290,73.22558200607902,222.6555095725508,0.15750663334049428,1.1821451253442654,0.8791908748279796,60.47403197979841,89.63195718078781,1.389515694126536,12,0
remediated,seasonal_naive,15,3290,75.3101629787234,223.97393176698293,0.1615093802843847,1.2157983537336605,0.8761923122996053,62.66283291980836,89.0473429490568,1.4469036448884423,12,0
remediated,seasonal_naive,16,3290,74.66987699088145,224.05667939704654,0.16133280033943764,1.2054616525615105,0.8736839650279412,63.041793311020555,89.25868179727904,1.4333241970634916,12,0
remediated,seasonal_naive,17,3290,71.72808738601823,218.31593321144945,0.15509445590789497,1.1579697495147205,0.8774828649246947,59.275019886843545,85.11489542417334,1.3713566579211112,12,0
remediated,seasonal_naive,18,3290,69.30309890577507,214.41236542078897,0.15235102257470096,1.118821022629935,0.8776875408919379,57.35926285545638,83.39116086161596,1.3179072655103456,12,0
remediated,seasonal_naive,19,3290,67.16512817629179,209.0567338163242,0.15061967071469143,1.0843058763279558,0.8781894742784109,54.749886640591534,79.71242099068432,1.2717905767312894,12,0
remediated,seasonal_naive,20,3290,65.00752018237083,205.40438673292692,0.14950073173655887,1.0494737083541221,0.8792528544637879,54.35479140593367,78.71974818765752,1.2523068796282357,12,0
remediated,seasonal_naive,21,3290,62.68649361702127,204.08470640140817,0.1472746291915076,1.012003330313361,0.8814186929031658,50.45299770424208,75.12779451657862,1.1843798595913613,12,0
remediated,seasonal_naive,22,3290,57.93357145896657,199.35637020244846,0.1409028307321901,0.9352727177820922,0.8852253697668678,45.937219139728654,69.9685617696505,1.1128806395023958,12,0
remediated,seasonal_naive,23,3290,56.02105045592705,198.89207049027252,0.1412982722388442,0.9043972051685633,0.8852125850167536,44.32610585173979,67.43107207591981,1.0553717125301632,12,0
remediated,seasonal_naive,24,3290,54.09425075987842,198.63488505513712,0.1407686433283051,0.8732911790258198,0.8864178783579729,42.67946011570634,67.58542528772723,0.8961670236425103,12,0
