condition,model,building_id,n,mae,reference_training_scale,mase
corrupted,hist_gradient_boosting,Eagle_education_Alberto,6600,25.024118392143034,51.57437178505106,0.4852045216650865
corrupted,hist_gradient_boosting,Eagle_education_April,6600,5.45101832440849,20.93323101207056,0.26040023736733775
corrupted,hist_gradient_boosting,Eagle_office_Amanda,6600,35.90290232707889,39.0832217270195,0.9186269898077019
corrupted,hist_gradient_boosting,Eagle_office_Bridgett,6600,17.201732532600026,22.509294417363044,0.7642057637902273
corrupted,hist_gradient_boosting,Panther_education_Annetta,6595,18.491509564747503,7.606915111420612,2.430881545790533
corrupted,hist_gradient_boosting,Panther_education_Aurora,6595,29.642268292301246,8.016939275766019,3.6974545113376736
corrupted,hist_gradient_boosting,Panther_office_Clementine,6595,6.344580871499251,4.599246390436397,1.3794827093177866
corrupted,hist_gradient_boosting,Panther_office_Danica,6595,1.8190215024671148,0.8172931754874653,2.2256658406356813
corrupted,hist_gradient_boosting,Rat_education_Kathryn,6600,58.45921583111392,125.23525894101255,0.4667951847222912
corrupted,hist_gradient_boosting,Rat_education_Lee,6600,44.127882183785374,56.62367278216442,0.7793186138516429
corrupted,hist_gradient_boosting,Rat_office_Avis,6599,100.47284650462537,186.53863098002788,0.5386168322173581
corrupted,hist_gradient_boosting,Rat_office_Colby,6599,207.2971449008752,219.93569089642358,0.9425352659041575
reference,hist_gradient_boosting,Eagle_education_Alberto,6600,28.710949844279536,51.57437178505106,0.5566902484811548
reference,hist_gradient_boosting,Eagle_education_April,6600,5.188168251566099,20.93323101207056,0.2478436438490784
reference,hist_gradient_boosting,Eagle_office_Amanda,6600,37.17549197418908,39.0832217270195,0.9511880119260602
reference,hist_gradient_boosting,Eagle_office_Bridgett,6600,17.34695340154288,22.509294417363044,0.7706573595732935
reference,hist_gradient_boosting,Panther_education_Annetta,6595,10.730433382398713,7.606915111420612,1.4106156339629214
reference,hist_gradient_boosting,Panther_education_Aurora,6595,30.265592426083305,8.016939275766019,3.775205397597505
reference,hist_gradient_boosting,Panther_office_Clementine,6595,6.8131311237188195,4.599246390436397,1.481358149866887
reference,hist_gradient_boosting,Panther_office_Danica,6595,1.625786708498835,0.8172931754874653,1.9892331873799791
reference,hist_gradient_boosting,Rat_education_Kathryn,6600,57.70610586302904,125.23525894101255,0.4607816229310419
reference,hist_gradient_boosting,Rat_education_Lee,6600,44.3263945221192,56.62367278216442,0.7828244326828854
reference,hist_gradient_boosting,Rat_office_Avis,6599,96.60515574306747,186.53863098002788,0.5178828387210084
reference,hist_gradient_boosting,Rat_office_Colby,6599,205.99359902208914,219.93569089642358,0.9366083248357343
remediated,hist_gradient_boosting,Eagle_education_Alberto,6600,34.618513625690134,51.57437178505106,0.6712348096060451
remediated,hist_gradient_boosting,Eagle_education_April,6600,105.4228466997026,20.93323101207056,5.036147866467124
remediated,hist_gradient_boosting,Eagle_office_Amanda,6600,51.209619574921604,39.0832217270195,1.3102711934190097
remediated,hist_gradient_boosting,Eagle_office_Bridgett,6600,17.21026320178305,22.509294417363044,0.7645847480899949
remediated,hist_gradient_boosting,Panther_education_Annetta,6595,11.061938124897104,7.606915111420612,1.4541950268761783
remediated,hist_gradient_boosting,Panther_education_Aurora,6595,29.996427522900277,8.016939275766019,3.7416308757102463
remediated,hist_gradient_boosting,Panther_office_Clementine,6595,11.060759541469034,4.599246390436397,2.404906935290227
remediated,hist_gradient_boosting,Panther_office_Danica,6595,2.519141984145575,0.8172931754874653,3.0822990570587616
remediated,hist_gradient_boosting,Rat_education_Kathryn,6600,59.879443458267595,125.23525894101255,0.4781356621498391
remediated,hist_gradient_boosting,Rat_education_Lee,6600,43.13549021078993,56.62367278216442,0.7617925170049539
remediated,hist_gradient_boosting,Rat_office_Avis,6599,100.6074258129157,186.53863098002788,0.5393382876477067
remediated,hist_gradient_boosting,Rat_office_Colby,6599,218.23087821469076,219.93569089642358,0.9922485855988891
corrupted,seasonal_naive,Eagle_education_Alberto,6600,32.66654677272727,51.57437178505106,0.6333871968208004
corrupted,seasonal_naive,Eagle_education_April,6600,10.77381715151515,20.93323101207056,0.5146753095736979
corrupted,seasonal_naive,Eagle_office_Amanda,6600,52.777004272727275,39.0832217270195,1.3503749675846406
corrupted,seasonal_naive,Eagle_office_Bridgett,6600,23.30217790909091,22.509294417363044,1.0352247154898049
corrupted,seasonal_naive,Panther_education_Annetta,6595,11.24400407884761,7.606915111420612,1.4781292960620092
corrupted,seasonal_naive,Panther_education_Aurora,6595,14.378362426080363,8.016939275766019,1.793497734171937
corrupted,seasonal_naive,Panther_office_Clementine,6595,4.944023775587566,4.599246390436397,1.074963886663714
corrupted,seasonal_naive,Panther_office_Danica,6595,1.438906520090978,0.8172931754874653,1.7605757190285585
corrupted,seasonal_naive,Rat_education_Kathryn,6600,84.05802575757575,125.23525894101255,0.6712009578482062
corrupted,seasonal_naive,Rat_education_Lee,6600,59.36513636363637,56.62367278216442,1.0484155026823951
corrupted,seasonal_naive,Rat_office_Avis,6599,171.24200333383845,186.53863098002788,0.9179975345277023
corrupted,seasonal_naive,Rat_office_Colby,6599,307.00814517351114,219.93569089642358,1.3958996101187298
reference,seasonal_naive,Eagle_education_Alberto,6600,32.66654677272727,51.57437178505106,0.6333871968208004
reference,seasonal_naive,Eagle_education_April,6600,10.77381715151515,20.93323101207056,0.5146753095736979
reference,seasonal_naive,Eagle_office_Amanda,6600,52.777004272727275,39.0832217270195,1.3503749675846406
reference,seasonal_naive,Eagle_office_Bridgett,6600,23.30217790909091,22.509294417363044,1.0352247154898049
reference,seasonal_naive,Panther_education_Annetta,6595,11.24400407884761,7.606915111420612,1.4781292960620092
reference,seasonal_naive,Panther_education_Aurora,6595,14.378362426080363,8.016939275766019,1.793497734171937
reference,seasonal_naive,Panther_office_Clementine,6595,4.944023775587566,4.599246390436397,1.074963886663714
reference,seasonal_naive,Panther_office_Danica,6595,1.438906520090978,0.8172931754874653,1.7605757190285585
reference,seasonal_naive,Rat_education_Kathryn,6600,84.05802575757575,125.23525894101255,0.6712009578482062
reference,seasonal_naive,Rat_education_Lee,6600,59.36513636363637,56.62367278216442,1.0484155026823951
reference,seasonal_naive,Rat_office_Avis,6599,171.24200333383845,186.53863098002788,0.9179975345277023
reference,seasonal_naive,Rat_office_Colby,6599,307.00814517351114,219.93569089642358,1.3958996101187298
remediated,seasonal_naive,Eagle_education_Alberto,6600,32.66654677272727,51.57437178505106,0.6333871968208004
remediated,seasonal_naive,Eagle_education_April,6600,10.77381715151515,20.93323101207056,0.5146753095736979
remediated,seasonal_naive,Eagle_office_Amanda,6600,52.777004272727275,39.0832217270195,1.3503749675846406
remediated,seasonal_naive,Eagle_office_Bridgett,6600,23.30217790909091,22.509294417363044,1.0352247154898049
remediated,seasonal_naive,Panther_education_Annetta,6595,11.24400407884761,7.606915111420612,1.4781292960620092
remediated,seasonal_naive,Panther_education_Aurora,6595,14.378362426080363,8.016939275766019,1.793497734171937
remediated,seasonal_naive,Panther_office_Clementine,6595,4.944023775587566,4.599246390436397,1.074963886663714
remediated,seasonal_naive,Panther_office_Danica,6595,1.438906520090978,0.8172931754874653,1.7605757190285585
remediated,seasonal_naive,Rat_education_Kathryn,6600,84.05802575757575,125.23525894101255,0.6712009578482062
remediated,seasonal_naive,Rat_education_Lee,6600,59.36513636363637,56.62367278216442,1.0484155026823951
remediated,seasonal_naive,Rat_office_Avis,6599,171.24200333383845,186.53863098002788,0.9179975345277023
remediated,seasonal_naive,Rat_office_Colby,6599,307.00814517351114,219.93569089642358,1.3958996101187298
